query,output,flag,username,timestamp
"Recommend a test for data analysis skills.
","👉 **Data Analyst Assessment**
🔗 [Link](https://www.shl.com/en/solutions/products/data-analyst/)
🧠 Type: Technical | ⏱ Duration: 50 mins

---
👉 **Customer Service Skills Test**
🔗 [Link](https://www.shl.com/en/solutions/products/customer-service-assessment/)
🧠 Type: Service | ⏱ Duration: 30 mins

---
👉 **Deductive Reasoning Test**
🔗 [Link](https://www.shl.com/shldirect/en/assessment/deductive-reasoning)
🧠 Type: Cognitive | ⏱ Duration: 35 mins

---
👉 **Inductive Reasoning Test**
🔗 [Link](https://www.shl.com/shldirect/en/assessment/inductive-reasoning)
🧠 Type: Cognitive | ⏱ Duration: 40 mins

---
👉 **Java Developer Assessment**
🔗 [Link](https://www.shl.com/en/solutions/products/java-developer/)
🧠 Type: Technical | ⏱ Duration: 45 mins

---",,,2025-04-07 19:34:05.213953
